"Date","Content"
"2024-08-21T07:00:00.000Z","A brand new test!"
"2024-05-01T07:00:00.000Z","It&#39;s been a long time coming. <b>Music:Response</b> (our venture with Smith &amp;amp; Lyall and The Chemical Brothers is now <a href=""https://x.com/CasaBatlloGaudi/status/1795098166901055975"">LIVE in Barcelona</a>. <a href=""https://www.lavanguardia.com/mediterranean/20240523/9670035/casa-batllo-nightclub-sonar-festival-music-chemical-brothers-clip.html"">La Vanguardia are into it</a> . If anyone fancies coming to see it, we&#39;ll be around during Sonar week :-)"
"2024-05-01T07:00:00.000Z","Delighted to have our second &#39;venture&#39; out in the world. (More from <a href=""https://nuts.international/"">Nuts</a> soon too xxx)"
"2024-01-01T08:00:00.000Z","Thanks to Media Cymru for funding our XR research project with <a href=""https://www.instagram.com/smithandlyall/"">Smith &amp;amp; Lyall</a> and the Chemical Brothers. Excited to get going..."
"2024-01-01T08:00:00.000Z","HAPPY NEW YEAR!"
"2023-12-01T08:00:00.000Z","Exciting news for one of our ventures. We have a booking in Barcelona next Summer. Thanks to friends at Sonar for believing in the project."
"2023-12-01T08:00:00.000Z","XR research grant funding successful. More soon."
"2023-12-01T08:00:00.000Z","London team Christmas lunch at The Tamil Crown. Delicious."
"2023-12-01T08:00:00.000Z","Iain did a couple of talks at ADCE (Art Directors Club Europe) in Barcelona. Including one where he aledgedly deleted 80k AI generatted images live on stage. And another one with funny graphics."
"2023-11-01T07:00:00.000Z","NUTS Black Friday Caberet event at The Wharf."
"2023-11-01T07:00:00.000Z","NUTS wins Gold at Lovies in ""Beyond"" category, for ""reimagining the way we discuss and spotlight style."" which is nice."
"2023-11-01T07:00:00.000Z","Planning trip to Manchester to see Danny Boyle (and friends&#39;) reworking of the Matrix. Superb. Nice to get out of London. Factory International is exciting."
"2023-10-01T07:00:00.000Z","NUTS<br/>NUTSSSS<br/><a href=""http://www.nuts.international"" target=""_blank"">NUTSSSSSS</a>"
"2023-10-01T07:00:00.000Z","A bunch of <a href=""src/kef_zine.jpeg"" target=""_blank"">Listen Amsterdam &#39;zines</a> we created with KEF and friends just landed in the studio."
"2023-09-01T07:00:00.000Z","Selfridges thing."
"2023-09-01T07:00:00.000Z","NUTS<br/>NUTSSSS<br/><a href=""http://www.nuts.international"" target=""_blank"">NUTSSSSSS</a>"
"2023-09-01T07:00:00.000Z","<a href=""https://www.creativereview.co.uk/selfridges-yellow-pages/"" target=""_blank"">Did this with Selfridges</a>"
"2023-09-01T07:00:00.000Z","And some buses and stuff."
"2023-09-01T07:00:00.000Z","Interview new issue. Olivia Rodrigo."
"2023-09-01T07:00:00.000Z","<a href=""https://www.instagram.com/p/Cw0i7JHvAtq/?img_index=2"" target=""_blank"">PEEP</a>"
"2023-09-01T07:00:00.000Z","But then also?<a href=""http://www.nuts.international"" target=""_blank"">THIS</a>"
"2023-08-01T07:00:00.000Z","NUTSSSSSSSSSSSSSSSSSSSSSSSSSS<br/>NUTS<br/>NUUTS"
"2023-07-01T07:00:00.000Z","NUTS<br/>NUTS<br/>NUTSZ COMING IN SEPTEMBER<br/>NUTTTT<br/>SSSSS<br/>NUTS<br/>NUTSNUTSNUTNUTS THEN<br/>NUTSS<br/>SSNTSSUSNUTZ (NUTS)<br/>NUTSNUTSNUUUTS<br/>NUZZTZ"
"2023-07-01T07:00:00.000Z","IKEA IKEA IKEA<br/>2 IKEA PROJECTS"
"2023-07-01T07:00:00.000Z","NUTS"
"2023-07-01T07:00:00.000Z","<a href=""https://www.interviewmagazine.com/culture/its-giving-concrete-the-kids-react-to-our-jennifer-lawrence-cover"" target=""_blank"">INTERVIEW SUMMER ISSUE WITH JENNIFER LAWRENCE</a>?<br/><br/><a href=""https://www.instagram.com/p/CvsXtV5O9Fv/?img_index=1"" target=""_blank"">MUT HERE</a>"
"2023-07-01T07:00:00.000Z","NUTTTT<br/>SSSSS<br/>NUTS<br/>NUTSNUTSNUTS<br/>NUT SN UTSNU UUTS"
"2023-07-01T07:00:00.000Z","<a href=""https://www.instagram.com/p/CvAizZTu83Q/?ref=kampfire&amp;amp;hl=nb"" target=""_blank"">HEAVY TRAFFIC #3 CAME OUT//</a>"
"2023-06-01T07:00:00.000Z","NUTSSSSSSN<br/>NUTSTUNTUTS"
"2023-06-01T07:00:00.000Z","AND A CAMPAIGN FOR <a href=""https://www.selfridges.com/GB/en/"" target=""_blank"">SELFRIDGES</a>"
"2023-06-01T07:00:00.000Z","COMING SOON<br/>NUTSNUTTTNUTS<br/>NUT<br/>NUTS"
"2023-06-01T07:00:00.000Z","HAD A HAIRCUTSS"
"2023-06-01T07:00:00.000Z","NUTTTTTTTT<br/>ZZZZ"
"2023-06-01T07:00:00.000Z","HIGH LEVEL BUSINESS MEETING<br/>THEN NUTS"
"2023-05-01T07:00:00.000Z","NUTS<br/>SUTNS<br/>STNU<br/>TSNUUUUU<br/>MOSTLY NUTS THO<br/>NUTS"
"2023-05-01T07:00:00.000Z","ALSO A BUNCH OF WORK FOR <a href=""https://uk.kef.com/"" target=""_blank"">KEF</a>"
"2023-05-01T07:00:00.000Z","NUTS<br/>COMMING?<br/>COMUNG<br/>CUMINUT: SEPTEMBER"
"2023-04-01T07:00:00.000Z","<a href=""https://media.giphy.com/media/UCZ8AoFOBvZNYUACvH/giphy-downsized-large.gif"" target=""_blank"">FOOD&amp;gt;001</a>:<br/>Our first London <a href=""https://drive.google.com/file/d/1yILSSmq68Brp-ELPyzBE5xXXtP9Pwje6/view?usp=share_link"" target=""_blank"">Food Lunch</a> happened.<br/>We broke bread, drank wine, swapped email addresses, and made new friends. Next one coming soon ? if you fancy attending, drop us a line."
"2023-04-01T07:00:00.000Z","MUSIC:<br/><a href=""https://www.civilizationnyc.com"" target=""_blank"">CIVILIZATION</a> Radio Episode?#19?on NTS. 9PM EST/6PM PST. Featuring Bj?rn Torske, Mouse On Mars, Javelin, Young Nudy, The Skids, YN Jay, and NiN..<br/>Produced by?<a href=""https://www.instagram.com/lucasmascatello/?hl=en"" target=""_blank"">Lucas Mascetello.</a><br/>Archive of new episodes <u><a href=""https://www.nts.live/shows/civilization-radio"" target=""_blank"">HERE</a></u><a href=""https://www.nts.live/shows/civilization-radio"" target=""_blank"">.</a><br/>Archive of old episodes <a href=""https://soundcloud.com/civilizationnyc"" target=""_blank"">HERE</a><a href=""https://soundcloud.com/civilizationnyc"" target=""_blank"">.</a>"
"2023-04-01T07:00:00.000Z","LOGOS:<br/><a href=""https://drive.google.com/file/d/1tIk1LoUOpS2zfHsTImIsau5veEPzJOXN/view?usp=share_link"" target=""_blank"">New brand identity</a> for <a href=""http://www.fini.world."" target=""_blank"">FINI</a> (formerly Finilar) launched. Was a lovely project, made in deep collaboration with the Fini guys ? who were a joy to work with. (And they sold 200 Fini NFT?s the day of the new logo?s launch.)"
"2023-04-01T07:00:00.000Z","FASHION:<br/>Interview Magazine?s Spring Issue launched with <a href=""https://www.instagram.com/p/CrBnoG1Lkzk/"" target=""_blank"">THE WEEKND</a> on the cover. Poor video / peak inside issue <a href=""https://drive.google.com/file/d/1JFlARqqAgDVV9m8LSEgRdgkVs9Lrqmt8/view?usp=share_link"" target=""_blank"">HERE</a>. Meanwhile, some way better scans of the 2023 March issue from Jack <a href=""https://www.instagram.com/p/CrddzqcOhJ7/"" target=""_blank"">HERE</a>."
"2023-04-01T07:00:00.000Z","ZOO:<br/><a href=""https://docs.google.com/presentation/d/1X6fdj990ZA7P1aXp-6WMr4EX8dw90UBvhfJ6t_TQDXU/edit?usp=sharing"" target=""_blank"">???THE BEST THING ON THIS WEBSITE BY SOME DISTANCE???|<br/></a>Echo took a day off and went to the zoo and made a 69 page presentation detailing the trip. <a href=""https://docs.google.com/presentation/d/1X6fdj990ZA7P1aXp-6WMr4EX8dw90UBvhfJ6t_TQDXU/edit?usp=sharing"" target=""_blank"">CLICK HERE NOW</a>."
"2023-04-01T07:00:00.000Z","SIDE BAR:<br/>In a previous life, two of Food made the <a href=""https://www.creativereview.co.uk/formula-1-logo-wieden-kennedy-london/"" target=""_blank"">FORMULA 1 logo and Identity</a>, so took <a href=""https://twitter.com/Mr_Turley/status/1652023017210298381"" target=""_blank"">great joy</a> in seeing the new PacSun Formula 1 ?Summer Collection?. See what we chose to buy <a href=""https://drive.google.com/file/d/1IasGuMmUpz-4pWLyo4DgWY7ryUcnM9_L/view?usp=share_link"" target=""_blank"">HERE</a>."
"2023-03-01T08:00:00.000Z","<a href=""https://media.giphy.com/media/PhNw9TWU6kdBko8n1M/giphy.gif"" target=""_blank"">NEW BIZ</a>:<br/>Work just keeps pouring in. This month we?ve onboarded both <a href=""https://drive.google.com/file/d/1jePPJrkcLbc6etX1bFLl_5sG5DZBG4YW/view?usp=share_link"" target=""_blank"">Chubbies Shorts</a> and <a href=""https://drive.google.com/file/d/1z1QRt6y3Kh_4FmgP_QP86CevWB-mGs2r/view?usp=share_link"" target=""_blank"">Flucky Flarm Pet Supplies</a>. Pumped to share that work as it emerges into the mind meld."
"2023-03-01T08:00:00.000Z","LIQUOR: <br/>As you all know, success depends on how <a href=""https://media.giphy.com/media/qA6m3bCy71Ukw/giphy.gif"" target=""_blank"">relevant</a> you can be to your customers and employees at any given moment. With our new campaign for <a href=""https://drive.google.com/file/d/1I2aJ9UyjiXA8nAPvFcArBajdYedIsHyE/view?usp=share_link"" target=""_blank"">LudBite</a> we?re creating growth through relevance at the speed of life and putting inclusion both front and behind in our quest for community. Coverage by a mate of ours at Fast Company <a href=""https://docs.google.com/document/d/1p2YK6a2VsYJPqhwCGSqpNbHEJb-jieFdh_N2mOWG_Ww/edit?usp=sharing"" target=""_blank"">here</a>."
"2023-03-01T08:00:00.000Z","<a href=""https://media.giphy.com/media/pJjKzRqY9HwME/giphy.gif"" target=""_blank"">RESPAWN</a>:<br/>Our new report reveals 69% of consumers globally who admit to behaving inconsistently think that paradoxical behaviors are both human and <a href=""https://docs.google.com/document/d/1Qv5W2cLwxjQjI1xE0ZgF0p-kB1oy7tjKB3aIyCvSNlU/edit?usp=sharing"" target=""_blank"">acceptable</a>."
"2023-03-01T08:00:00.000Z","TYPE A:<br/>On my phone. Staring into the void. About to make a purchase decision. Make myself feel <a href=""https://media.giphy.com/media/yqcMlg89cN1Re/giphy.gif"" target=""_blank"">better</a>."
"2022-12-01T08:00:00.000Z","<a href=""https://media.giphy.com/media/gf6fb69cM8Sq6cVx8a/giphy.gif"" target=""_blank"">EDUCATION</a>:<br/>WE?RE TRYING TO SET UP A <a href=""https://media.giphy.com/media/8FhXc8w45aN32/giphy.gif"" target=""_blank"">SCHOOL</a>. A SCHOOL. THE <a href=""https://media.giphy.com/media/119XrYvOgGgU0/giphy.gif"" target=""_blank"">PROBLEM</a> WITH THIS WORK WEBSITE FORMAT IS YOU CAN?T REALLY SCALE AN IDEA TO THE RIGHT SIZE. BUT A SCHOOL. A <a href=""https://media.giphy.com/media/119XrYvOgGgU0/giphy.gif"" target=""_blank"">SSSCCCHOOOLLLLL</a>. SO IMAGINE THIS MESSAGE ONLY BIGGER AND WITH PICTURES."
"2022-12-01T08:00:00.000Z","<a href=""https://media.giphy.com/media/rdcBcg07SdsPu/giphy.gif"" target=""_blank"">RETAIL</a>:<br/>Spent a few weeks with the lovely folk at <a href=""https://media.giphy.com/media/rdcBcg07SdsPu/giphy.gif"" target=""_blank"">IKEA</a>. We got them in a circle with us and we all held hands and we sang kumbaya. Then we canoe?d home, across the fjords as the sun set in the sky. The smell of campfire whispering to us as we <a href=""https://media.giphy.com/media/rdcBcg07SdsPu/giphy.gif"" target=""_blank"">paddled</a>."
"2022-12-01T08:00:00.000Z","FASHION:<br/>INTERVIEW mag?s last issue of the year. Cover with <a href=""https://www.instagram.com/p/Clyq1tlqoCF/?hl=en"" target=""_blank"">EMMA CORRIN</a> styled by friend of Food, HARRY LAMBERT. <a href=""https://drive.google.com/drive/folders/1dz2sV6O-lD-ZU_-Q79kUaedGBroCS6hp?usp=share_link"" target=""_blank"">Gonna</a> <a href=""https://drive.google.com/drive/folders/1dz2sV6O-lD-ZU_-Q79kUaedGBroCS6hp?usp=share_link"" target=""_blank"">miss</a> <a href=""https://drive.google.com/drive/folders/1dz2sV6O-lD-ZU_-Q79kUaedGBroCS6hp?usp=share_link"" target=""_blank"">these</a> <a href=""https://drive.google.com/drive/folders/1dz2sV6O-lD-ZU_-Q79kUaedGBroCS6hp?usp=share_link"" target=""_blank"">headlines</a> <a href=""https://drive.google.com/drive/folders/1dz2sV6O-lD-ZU_-Q79kUaedGBroCS6hp?usp=share_link"" target=""_blank"">when they</a> <a href=""https://drive.google.com/drive/folders/1dz2sV6O-lD-ZU_-Q79kUaedGBroCS6hp?usp=share_link"" target=""_blank"">go</a>, but THEY?RE GOING next year. REBOOT REBOOT."
"2022-12-01T08:00:00.000Z","<a href=""https://media.giphy.com/media/SWVF41fAxIrwIyUr8b/giphy.gif"" target=""_blank"">COLLATERAL</a>:<br/>ECHO made a <a href=""https://www.1413magazine.com/product-page/ee"" target=""_blank"">calendar</a> for 2023. <a href=""https://media.giphy.com/media/SWVF41fAxIrwIyUr8b/giphy.gif"" target=""_blank"">BUY IT. BUY IT</a>."
"2022-12-01T08:00:00.000Z","MEDIA:<br/>RICHARD recorded an episode of <a href=""https://graphicsupportgroup.com/podcast"" target=""_blank"">GRAPHIC DESIGN SUPPORT GROUP</a> whilst eating a lovely <a href=""https://www.cocoronandgoemon.com/"" target=""_blank"">Cocoran</a> noodle dish throughout. The Mera Mera one, you know? Think it?s going out next year (the podcast not the noodles, they?re forever)."
"2022-12-01T08:00:00.000Z","MEDIA:<br/>CLOWN TOWN. MAX PAIN. EVERYTHING IS A SCAM. HOT SAUCE. <a href=""https://nemesis.global/memos/max-pain-a-recent-history"" target=""_blank"">FOOD x NEMESIS</a>"
"2022-12-01T08:00:00.000Z","<a href=""https://media.giphy.com/media/WoWm8YzFQJg5i/giphy.gif"" target=""_blank"">LIT</a>:<br/>We?re going to be designing the highly esteemed <a href=""https://heavytrafficmagazine.com"" target=""_blank"">HEAVY TRAFFIC</a> magazine, edited by <a href=""https://www.instagram.com/ptrkmgrw/"" target=""_blank"">PATRICK MCGRAW</a>. When I say ?going to be?, we?re doing it right now. Like, now. When I?ve finished doing this fucking thing."
"2022-12-01T08:00:00.000Z","<a href=""https://media.giphy.com/media/1flDN5zh4eKPUwQn2D/giphy.gif"" target=""_blank"">DESIGN</a>:<br/>RUBY and RICHARD finished part one of the MANA branding project. All a bit hush hush but <a href=""https://ustoday.news/novendstern-co-founder-of-worldcoin-is-leaving-to-start-a-new-company/"" target=""_blank"">this thing</a>. Launching next year. Probably shouldn?t even be writing about it but no one reads this, right?"
"2022-12-01T08:00:00.000Z","PRESS &amp;amp; PR:<br/>More podcasts. Richard spoke to GRAPHIC DESIGN TITAN <a href=""https://www.instagram.com/jopvanbennekom/?hl=en"" target=""_blank"">JOPP VAN BENNEKOM</a> for the <a href=""https://internationalmagazinecentre.com/creative-heroes-3-richard-turley-interviews-jop-van-bennekom/"" target=""_blank"">DESIGN HEROES</a> series, about magazines, design, life, kerning etc etc. Meandering unedited version here."
"2022-12-01T08:00:00.000Z","OPEN STUDIOS:<br/>Food NY has been doing these since September. These sessions have also been called ?Work Therapy?. If you want to come and talk, unload. There?s that Buddhist thing that the best therapy for you is listening to others, so it helps us too ? really. Email if interested."
"2022-12-01T08:00:00.000Z","FASHION:<br/>ECHO made<a href=""https://www.instagram.com/stories/highlights/17926527428540633/"" target=""_blank""> packages</a> for the new season of <a href=""https://www.instagram.com/grape_official/"" target=""_blank"">Grape</a>, also a <a href=""https://www.instagram.com/p/ChmawnBPUie/"" target=""_blank"">shoe</a> that is readable and a <a href=""https://www.ssense.com/en-us/women/product/grape/white-flattenable-shoulder-bag/11811221"" target=""_blank"">bag</a> that is foldable."
"2022-12-01T08:00:00.000Z","<a href=""https://media.giphy.com/media/WspL0mgECSKQOK6tTf/giphy.gif"" target=""_blank"">PRESS &amp;amp; PR</a>:<br/>NICK hosted the <a href=""https://winners.lovieawards.com/"" target=""_blank"">2022 Lovie Awards</a>, celebrating the very best of the European internets. JAAP HAARTSEN won Lifetime Achievement Award for his role in creating Bluetooth and EDWARD ENNIFUL was awarded Lovie Person of the Year. Wish I created Bluetooth, prolly wouldn?t be spending my time writing this thing."
"2022-12-01T08:00:00.000Z","<a href=""https://media.giphy.com/media/XiSle0Z70vxYnH0mFJ/giphy.gif"" target=""_blank"">ADVERTISING</a>:<br/>Making a big, weird film for <a href=""https://cash.app"" target=""_blank"">CASH APP</a>. Going to blow stuff up."
"2022-12-01T08:00:00.000Z","MUSIC:<br/>Two concerts defined us this autumn/fall. First was <a href=""https://media.giphy.com/media/7Ip0mbwF06UmjVacUU/giphy-downsized-large.gif"" target=""_blank"">AUTECHRE</a> at The Barbican, those who went are still in recovery, whispering quietly to each other about how it?s OK now, it?s over, it?s really over. Second was <a href=""https://media.giphy.com/media/AfKf7UGGbFhRt1nbi5/giphy.gif"" target=""_blank"">PIXIES</a> at Terminal 5. Black Francis not speaking once during the whole show. Barely looking at the crowd. All he came to do was scream at us. Heart emoji."
"2022-12-01T08:00:00.000Z","<a href=""https://media.giphy.com/media/iGYcRLkE7hVEamAezQ/giphy.gif"" target=""_blank"">ART</a>:<br/><a href=""https://media.giphy.com/media/28NPmwbdM2YUrT9WJc/giphy.gif"" target=""_blank"">Massaged</a> a publication for <a href=""https://gagosian.com/artists/roe-ethridge/"" target=""_blank"">ROE ETHRIDGE</a> into <a href=""https://media.giphy.com/media/3otPopxmGPEkjpF4t2/giphy.gif"" target=""_blank"">life</a>. LINDSAY LOHAN in Miami. What a lovely guy he is. You should meet him, he?s REALLY NICE. The Miami thing is good too. <a href=""https://media.giphy.com/media/3otPoUFmJuU3S8Cs12/giphy.gif"" target=""_blank"">Lots of collages</a>. <a href=""https://drive.google.com/file/d/1EQJqAGux2uqJoYJqjwSjMbEjATCUdLdx/view?usp=share_link"" target=""_blank"">[CLICK HERE]</a>"
"2022-12-01T08:00:00.000Z","PRESS &amp;amp; PR:<br/>ECHO?s new issue of 1814 magazine was featured on <a href=""https://www.itsnicethat.com/articles/1413-magazine-project-publication-091122"" target=""_blank"">It?s nice that</a>. Talking about bubble tea, angels and devils."
"2022-12-01T08:00:00.000Z","ONANISM:<br/>First FOOD Summit/off site/clusterfuck. The snooker was on that week too, but the place we stayed in had decided that TVs were a distraction ? you know, that sort of place? I get it, but come on, the snooker. We did invent ?Cheese Water? though. <a href=""https://media.giphy.com/media/WYPL46AyMaWWUMtYPx/giphy.gif"" target=""_blank"">More to follow</a>."
"2022-11-01T07:00:00.000Z","<a href=""https://media.giphy.com/media/Yj6jAvlW84XOuhjemy/giphy.gif"" target=""_blank"">UGH</a>:<br/>UGHHHHHHHH"
"2022-09-01T07:00:00.000Z","FASHION:<br/>Finishing up new Mulberry campaign shot by Tom Johnson, filmed by Sam Johnson and styled by Harry Lambert, with Food creative direction. Launching world-wide on October 3. <a href=""https://media.giphy.com/media/106HyGOCssudZS/giphy.gif"" target=""_blank"">HAY. MAN.</a>"
"2022-09-01T07:00:00.000Z","<a href=""https://media.giphy.com/media/12d26S5UN4lY4w/giphy-downsized-large.gif"" target=""_blank"">PRESS &amp;amp; PR</a>:<br/>Richard was profiled by Asher Penn in issue 13 of <a href=""https://www.instagram.com/sexmag/"" target=""_blank"">Sex magazine</a>. <a href=""https://sexmag.bigcartel.com"" target=""_blank"">Print only</a> so unless you pony up $15, you?ll just have to imagine how deep and insightful his comments are ? on subjects as varied as yogurt pots, grooming cults and Nike mood board trash."
"2022-09-01T07:00:00.000Z","<a href=""https://media.giphy.com/media/3pZipqyo1sqHDfJGtz/giphy.gif"" target=""_blank"">OPEN STUDIO</a>:<br/>Big September highlight for the NY office has been the beginning of our desk crits. So far we?ve had a bunch of designers (and a strategist) through. Open to anyone, of any creative persuasion. Mail Richard to book in or to find out more. <a href=""/cdn-cgi/l/email-protection"" target=""_blank"">[email?protected]</a>"
"2022-09-01T07:00:00.000Z","PRAY FOR US:<br/><a href=""https://www.instagram.com/p/CiP9czigmSq/?hl=en"" target=""_blank"">KIM KARDASHIAN?S ASS</a> (AGAIN) on Interview Magazine?s September issue."
"2022-09-01T07:00:00.000Z","Richard?s contribution was to call it the <a href=""https://nypost.com/2022/09/06/if-the-american-dream-is-now-kim-kardashian-flashing-her-big-ass-in-front-of-the-flag-then-its-become-a-nightmare/"" target=""_blank"">AMERICAN DREAM</a> issue, then use PRAY FOR US as the headline. <a href=""https://www.google.com/search?q=kim+kardashian+american+dream+issue&amp;amp;client=safari&amp;amp;rls=en&amp;amp;biw=1355&amp;amp;bih=706&amp;amp;tbm=nws&amp;amp;ei=olwbY6rtB_Gs5NoP3YOb2AY&amp;amp;oq=kim+karshian+american+dream+issue&amp;amp;gs_lcp=Cgxnd3Mtd2l6LW5ld3MQAxgAMgQIIRAKOgUIABCiBDoHCAAQHhCiBFDzBFjrFGCiI2gAcAB4AIABbogBpwiSAQQxMy4xmAEAoAEBwAEB&amp;amp;sclient=gws-wiz-news"" target=""_blank"">A few people took the bait</a>."
"2022-09-01T07:00:00.000Z","R&amp;amp;D:<br/>IMPOSSIBLE YOGIC FORMS (using Stable Diffusion). A text-to-image study of flexibility of letterforms and contorted human forms."
"2022-09-01T07:00:00.000Z","<a href=""https://media.giphy.com/media/dtoq6Y8YB43djop3NL/giphy-downsized-large.gif"" target=""_blank"">OPEN STUDIO</a>:<br/>First open studio drop-in session to be held in our NY office. Aimed at recent grads to come in come and off-load.<br/>Advice, sharing work, bonding, English tea offered. Email for details."
"2022-09-01T07:00:00.000Z","CLICK TO ENLARGE:<br/><a href=""https://drive.google.com/file/d/1czRzCph8w7XMxlyl06gJ2e3uSHPd_IQd/view?usp=sharing"" target=""_blank"">Forty-five Ed Sheerans.</a><br/>Next week: Jason Statham holding an oversized hotdog."
"2022-09-01T07:00:00.000Z","THE RULES:<br/><a href=""https://drive.google.com/file/d/1YUY2HMuoqLqVNuHQKFtrPPGl9SrWq-m6/view?usp=sharing"" target=""_blank"">MERCE CUNNINGHAM?S RULES</a>.<br/>#9: Be happy whenever you can manage it. Enjoy yourself. It?s lighter than you think."
"2022-09-01T07:00:00.000Z","<a href=""https://drive.google.com/file/d/1VPvZT4lksuz6SQF6EGaetyH68wYH90kg/view?usp=sharing"" target=""_blank"">OUR RULES:</a><br/><a href=""https://drive.google.com/file/d/1VPvZT4lksuz6SQF6EGaetyH68wYH90kg/view?usp=sharing"" target=""_blank"">?SHOULD WE DO THIS PROJECT? flow chart</a>. Prepared by Steve (also his shoes)."
"2022-08-01T07:00:00.000Z","FOOD NEWS:<br/><a href=""https://media.giphy.com/media/ZmdErsWqppgMo/giphy.gif"" target=""_blank"">Got a new Finance Director.</a><br/>??<br/><a href=""https://media.giphy.com/media/ZmdErsWqppgMo/giphy.gif"" target=""_blank"">Got a new Finance Director.</a><br/>??<br/><a href=""https://media.giphy.com/media/ZmdErsWqppgMo/giphy.gif"" target=""_blank"">Got a new Finance Director.</a><br/>??<br/><a href=""https://media.giphy.com/media/ZmdErsWqppgMo/giphy.gif"" target=""_blank"">Got a new Finance Director.</a>"
"2022-08-01T07:00:00.000Z","PRESS &amp;amp; PR:<br/>?Because like, <em>networks</em> and <em>decentralised accelerated futures</em>, and <em>new wave profit-based cultural belief systems</em> and like,<em> the end of aesthetics, subcultures, lifestyle brands</em>. Because we?re opportunistic reworlders. Cashed out rewilders. Tugging on the fumes of past successes. <a href=""https://www.campaignlive.co.uk/article/nick-farnhill-iain-tait-richard-turley-launch-agency/1795919"" target=""_blank"">Lost in the sauce</a>.?"
"2022-08-01T07:00:00.000Z","DESIGN:<br/>Using AI as copilot for the naming and brand identity of new soft drink, <a href=""https://www.itsnicethat.com/features/machine-learning-are-designers-even-needed-anymore-richard-turley-guest-edit-graphic-design-170822"" target=""_blank"">FIZUY LUB</a>."
"2022-08-01T07:00:00.000Z","FASHION:<br/>Shooting MULBERRY fall campaign. With <a href=""https://www.instagram.com/harry_lambert/"" target=""_blank"">HARRY LAMBERT</a>, <a href=""https://www.instagram.com/tomjohnsonstudio/"" target=""_blank"">TOM JOHNSON</a> and a ghillie suit.<br/>COMING SOON"
"2022-08-01T07:00:00.000Z","FINANCE:<br/>Creating a new brand for MANA ? an AI-driven VC fund in collaboration with <a href=""https://nemesis.global/"" target=""_blank"">NEMESIS</a> and <a href=""https://rubybarrett.info/"" target=""_blank"">RUBY BARRETT</a>"
"2022-08-01T07:00:00.000Z","MUSIC:<br/>Joint venture to reimagine volunteering within ?new realities? for <a href=""https://www.rockcorps.com/"" target=""_blank"">RockCorps</a>.<br/>COMING SOON"
"2022-08-01T07:00:00.000Z","R&amp;amp;D:<br/><a href=""https://drive.google.com/drive/folders/1BAP-Emticm5AuaR0ULFLWcq8pnUzL9yO?usp=sharing"" target=""_blank"">MEET MATTHEW</a>."
"2022-08-01T07:00:00.000Z","R&amp;amp;D:<br/>Field trip to BIRMINGHAM (U.K.) ? the Brooklyn of the industrial middle. Minds blown. Like Greenpoint except less Telfar bags (though more spent whippets)."
"2022-08-01T07:00:00.000Z","PUBLISHING:<br/>Richard is guest editing It?s Nice That for a couple of weeks at the end of the month.<br/>Including interviews with design studio <a href=""https://en.wikipedia.org/wiki/Tomato_(design_collective)"" target=""_blank"">Tomato</a> (D?Arblay Street era). Plus <a href=""https://twitter.com/wretched_worm?ref_src=twsrc%5Egoogle%7Ctwcamp%5Eserp%7Ctwgr%5Eauthor"" target=""_blank"">Wretched Worm</a>, <a href=""https://commercialtype.com"" target=""_blank"">Paul Barnes</a>, <a href=""https://nemesis.global"" target=""_blank"">Emily Segal</a>, <a href=""https://plates-of-meat.neocities.org"" target=""_blank"">Silva Cunningham</a> and a bunch of anonymous insider interviews about <a href=""https://media.giphy.com/media/8lvw6GKQEjy9OL1yPi/giphy.gif"" target=""_blank"">what it?s really like inside agencies</a>.<br/><u>LAUNCHING AUG 15</u>"
"2022-08-01T07:00:00.000Z","FASHION:<br/>Finishing off INTERVIEW MAGAZINE?s September Issue. (<a href=""https://media.giphy.com/media/uxXNV3Xa7QqME/giphy.gif"" target=""_blank"">Cheeky cover</a>)."
"2022-07-01T07:00:00.000Z","O.O.O.:<br/>Typing this from the beach. It?s nice here, you should try and come."
"2022-07-01T07:00:00.000Z","MEDIA:<br/>Hand over of <a href=""https://www.semafor.com/"" target=""_blank"">SEMAFOR</a> consultancy to new design director, <a href=""https://www.lucca.co"" target=""_blank"">AL LUCCA</a>.<br/>PHASE ONE LAUNCHING OCTOBER"
"2022-07-01T07:00:00.000Z","GOD?S WORK:<br/>Hosted ?Inclusivity In The Outdoors? event with our friends at the <a href=""https://www.anthemawards.com/"" target=""_blank"">ANTHEM AWARDS</a> / <a href=""https://www.flocktogether.world/"" target=""_blank"">FLOCK TOGETHER</a> / <a href=""https://www.nationalparkcity.london/"" target=""_blank"">NATIONAL PARKS</a> at our studio in London."
"2022-07-01T07:00:00.000Z","NEW BUSINESS:<br/>Had a few calls with a start-up. Got excited for a moment. Then ran a mile."
"2022-07-01T07:00:00.000Z","PUBLISHING:<br/><a href=""https://www.instagram.com/spurrrrrr/"" target=""_blank"">ECHO</a> flew back to China to launch the new issue of her <a href=""https://www.1413magazine.com"" target=""_blank"">1413 MAGAZINE</a> (with accompanying <a href=""https://www.1413magazine.com/shop-1"" target=""_blank"">OBJECTS</a>) at the Beijing Book Fair."
"2022-07-01T07:00:00.000Z","PRESS &amp;amp; PR:<br/>Nick <a href=""http://webbyawards-com-assets.s3.amazonaws.com/lovies/Virtual-Event-Enter-The-Metaverse.mp4"" target=""_blank"">talking</a> metaverse futures with the <a href=""https://www.lovieawards.com"" target=""_blank"">Lovie</a> awards and Media.Monks."
"2022-07-01T07:00:00.000Z","MUSIC:<br/>CIVILIZATION Radio Episode <a href=""https://www.instagram.com/p/CftyfgluHfB/"" target=""_blank"">#10</a> on NTS. 9PM EST/6PM PST. Featuring Glaxo babies, Grauzone, Pinty, Oil XL, Free Kitten, Television and more.<br/>Produced by <a href=""https://www.instagram.com/lucasmascatello/?hl=en"" target=""_blank"">Lucas Mascetello</a>.<br/><a href=""https://soundcloud.com/civilizationnyc"" target=""_blank"">ARCHIVE OF OLD EPISODES HERE</a>"
"2022-07-01T07:00:00.000Z","SELF CARE:<br/>Got a haircut. It?s ok. Nice head massage too. Got sold some shampoo too. Look basically not much happened this month, we?re NOT HERE."
"2022-06-01T07:00:00.000Z","FASHION:<br/>Launch of MULBERRY?s <a href=""https://www.vogue.com/article/ella-emhoff-mulberry-softie-zine"" target=""_blank"">SOFTIE ZINE</a> for opening of new Mulberry store in NYC. Peep at <a href=""https://drive.google.com/file/d/1q9aG-CtnjaQSV38HLDq-RGfw9TQBmwAz/view?usp=sharing"" target=""_blank"">ZINE</a>. <a href=""https://drive.google.com/file/d/1rvcjc0g_XqyJvCdMhqr0twAQb_0sxOlk/view?usp=sharing"" target=""_blank"">FILM OF ZINE</a>, <a href=""https://drive.google.com/file/d/1Mx5nC8eC7ss0-oOC9xByJVABGD93ZPFi/view?usp=sharing"" target=""_blank"">FILM</a>, <a href=""https://drive.google.com/drive/folders/1_eMOTcejxwGQgAArBOzwIf14seiguTvG?usp=sharing"" target=""_blank"">BEAR HEAD</a>, <a href=""https://docs.google.com/presentation/d/1opRD1dnZoRPDQ4voV4zwe2euEf1RqookXWBfmYXhIwA/edit?usp=sharing"" target=""_blank"">SOCIAL BITS</a><br/>??-<br/>Zine edited by <a href=""https://twitter.com/deankissick"" target=""_blank"">Dean Kissick</a> and featuring words by <a href=""https://www.instagram.com/duanereadeofficial/?hl=en"" target=""_blank"">Claire Banse</a>, <a href=""http://cristinebrache.info/"" target=""_blank"">Cristine Brache</a>, <a href=""https://www.instagram.com/sleepy.angel/?hl=en"" target=""_blank"">Seashell Coker</a>, <a href=""https://www.instagram.com/devan_diaz/?hl=en"" target=""_blank"">Devan D?az</a>, <a href=""https://www.instagram.com/soimwritinganovel/?hl=en"" target=""_blank"">Annie Hamilton</a>, <a href=""https://oliviaks.page/"" target=""_blank"">Olivia Kan-Sperling</a>, <a href=""https://theface.com/culture/honor-levy-new-yorker-literature-writer-online-culture-social-media-commentary-short-stories-young-writers-cancel-culture-"" target=""_blank"">Honor Levy</a>, <a href=""https://www.instagram.com/meetka_007/?hl=en"" target=""_blank"">Meetka Otto</a>, <a href=""https://www.nytimes.com/2021/05/03/t-magazine/precious-okoyomon-artist-shed.html"" target=""_blank"">Precious Okoyomon</a> and <a href=""http://meryn.ru/"" target=""_blank"">Bunny Rogers</a><br/>??-<br/>Photography by <a href=""https://www.luisaopalesky.com/"" target=""_blank"">Luisa Opalesky</a><br/>Music by <a href=""https://www.instagram.com/porches_hiii/?hl=en"" target=""_blank"">Porches</a>"
"2022-06-01T07:00:00.000Z","MUSIC:<br/>AI Generated Music Video with CALIBRE and CHELOU (With photos by Felix)<br/>VIDEO HERE"
"2022-06-01T07:00:00.000Z","FASHION:<br/>Editorial direction/Design for INTERVIEW MAGAZINE Summer Issue, with Anne Hathaway working it on <a href=""https://www.instagram.com/p/CfEXgFNuTlQ/"" target=""_blank"">COVER</a>. <br/>??<br/>Featuring Isamaya Ffrench, Myha?la Herrold, Aaron Rose Philip, Brontez Purnell, Baz Luhrman, Peter Marinom, Anson Boon and more.<br/>??<br/>PEAK INSIDE <a href=""https://www.instagram.com/p/ChClyG3OJWb/"" target=""_blank"">HERE</a> &amp;amp; <a href=""https://www.instagram.com/p/CfMFOQqODRd/"" target=""_blank"">HERE.</a>"
"2022-06-01T07:00:00.000Z","GOD?S WORK:<br/>WASD FOR NOOBS ? training executives in ?Metaversal navigation?. And how to avoid embarrassing virtual boardroom faux-pas."
"2022-06-01T07:00:00.000Z","PRESS &amp;amp; PR:<br/>Richard speaking at <a href=""https://birminghamdesignfestival.org.uk/whats-on/speakers/"" target=""_blank"">BIRMINGHAM DESIGN FESTIVAL</a> on subject of FREEDOM. Email <a href=""/cdn-cgi/l/email-protection#33575a5d5d564173555c5c571d4b4a49"" target=""_blank""><span data-cfemail=""b4d0dddadad1c6f4d2dbdbd09acccdce"">[email?protected]</span></a> if you want to see the slides."
"2022-06-01T07:00:00.000Z","SHHHHHH:<br/>A multi-platform virtual production of a much loved Children?s story. <br/>MORE SOON."
"2022-06-01T07:00:00.000Z","FASHION:<br/><a href=""https://drive.google.com/drive/folders/1FbUwLIKhL-rkqswmgf2kXQShOUynCtIo?usp=sharing"" target=""_blank"">OUTDOOR CAMPAIGN</a> for MULBERRY in NYC. <a href=""https://media.giphy.com/media/qfqmcctajjmrKtoG7i/giphy.gif"" target=""_blank"">Applying commissioned poetry over wheat paste posters</a> (Mulberry?s and otherwise) to celebrate opening of new store on Wooster Street."
"2022-06-01T07:00:00.000Z","MEDIA:<br/>Fire-drill creative direction of holding website for <a href=""https://www.semafor.com"" target=""_blank"">SEMAFOR</a> to time with PR event. (Including video made for $8k with Getty Images in a day)."
"2022-05-01T07:00:00.000Z","FASHION:<br/>Shooting the MULBERRY Wooster Street Store opening campaign with Luisa Opalesky featuring Ella Emhof on a rooftop in Brooklyn in a <a href=""https://www.instagram.com/p/CeLWZ98sj_I/?hl=en"" target=""_blank"">bounce house (US)/ bouncy castle (UK)</a> depending on where you chose to call home."
"2022-05-01T07:00:00.000Z","ART:<br/>Working with <a href=""http://superblue.com/"" target=""_blank"">SUPERBLUE</a> / <a href=""https://www.jr-art.net/"" target=""_blank"">JR</a> / NIANTIC / NEXUS / LFL to <a href=""https://www.complex.com/pop-culture/jr-reality-launch"" target=""_blank"">reimagine experiential art</a> for the Metaverse age.<br/>??<br/>Strategic and creative direction with <a href=""https://www.artpractice.studio/"" target=""_blank"">Art Practice</a>, <a href=""https://www.instagram.com/lucasmascatello/?hl=en"" target=""_blank"">Lucas Mascetello</a>.<br/><a href=""https://www.instagram.com/p/Cd__VvXFoJq/"" target=""_blank"">LAUNCH FILM.</a> <a href=""https://www.superblue.com/devcon/"" target=""_blank"">BETA APP.</a>"
"2022-05-01T07:00:00.000Z","<u>PRESS &amp;amp; PR</u>:<br/>Interview in Dazed with Richard about use of AI tools in new issue of CIVILIZATION.<br/>??<br/><a href=""https://www.dazeddigital.com/life-culture/article/56118/1/civilisation-mag-richard-turley-new-york-black-dog"" target=""_blank"">?The internet is most like a very big toilet. It?s a big corporate office full of cubicles, where people are forced to eat at the same time every day, and everyone gets sick of each other. <br/>There are no windows. <br/>Everyone is trying their hardest to get something out their ass while they?re back there. A big shit blockage that keeps everyone stuck, a big pool of shit around the cubicles?</a>"
"2022-05-01T07:00:00.000Z","MEDIA:<br/>Beginning of <a href=""https://www.google.com/search?q=semafor+ben+smith+justin+smith&amp;amp;client=safari&amp;amp;rls=en&amp;amp;ei=zy_2YrrNE4yUgAblvYjgBg&amp;amp;ved=0ahUKEwj68JSYkMH5AhUMCsAKHeUeAmwQ4dUDCA0&amp;amp;uact=5&amp;amp;oq=semafor+ben+smith+justin+smith&amp;amp;gs_lcp=Cgdnd3Mtd2l6EAM6BwgAEEcQsAM6BQghEKABOgcIIRCgARAKOgQIIRAVSgQIQRgASgQIRhgAUNwDWIYUYJoVaAFwAXgAgAFkiAHnB5IBBDEyLjGYAQCgAQHIAQjAAQE&amp;amp;sclient=gws-wiz"" target=""_blank"">SEMAFOR</a> consultancy. Ben Smith and Justin Smith?s new media start-up. Working with <a href=""http://adrianaramic.com/"" target=""_blank"">ADRIANA RAMIC</a> on the initial design of site and concepts for story forms."
"2022-05-01T07:00:00.000Z","CIVILIZATION:<br/>Single edition posters of tiny pieces from the new paper blown up to poster-size.<br/><a href=""https://www.instagram.com/p/CdLWGcROfhm/"" target=""_blank"">WHO DO YOU TRUST</a>, <a href=""https://www.instagram.com/p/CddXnPyOtDD/"" target=""_blank"">COME FOR ME</a>, <a href=""https://www.instagram.com/p/CdvZSlROvh7/"" target=""_blank"">BIRD CHESTED MEN</a>, <a href=""https://www.instagram.com/p/CeBb8yZOX9R/"" target=""_blank"">SLUSHIES ARE WHAT YOU MAKE THEM.</a>"
"2022-05-01T07:00:00.000Z","RUN A MILE:<br/>Quickest ever escape button hit on new client ?zine project?. <a href=""https://media.giphy.com/media/3orieLeZL5kyNqiLfO/giphy.gif"" target=""_blank"">Still shaking from it</a>."
"2022-05-01T07:00:00.000Z","RADIO SHOW:<br/>CIVILIZATION Radio Episode <a href=""https://www.instagram.com/p/CdbB35KDTSl/"" target=""_blank"">#9</a>NOW ON NTS. 9PM EST/6PM PST. Produced by <a href=""https://www.instagram.com/lucasmascatello/?hl=en"" target=""_blank"">Lucas Mascetello</a>.<br/><a href=""https://soundcloud.com/civilizationnyc"" target=""_blank"">ARCHIVE HERE</a>"
"2022-05-01T07:00:00.000Z","PRESS &amp;amp; PR:<br/>Richard and <a href=""https://www.instagram.com/melzy917/?hl=en"" target=""_blank"">Mel Ottenberg</a> spoke about INTERVIEW MAGAZINE at the <a href=""https://magculture.com"" target=""_blank"">MAGCULTURE</a> Live NYC festival. Paywalled review of event <a href=""https://www.creativereview.co.uk/interview-magazine-mel-ottenberg-richard-turley/"" target=""_blank"">HERE</a> (for those who like, <em>subscribe</em>)."
"2022-05-01T07:00:00.000Z","PRAISE BE:<br/>Sprawling zoom call with Graham Wood ? one of the founders of <a href=""https://en.wikipedia.org/wiki/Tomato_(design_collective)"" target=""_blank"">TOMATO</a>. Us in NYC. Him in Whitstable. Putting this in here because it will never be forgotten."
"2022-05-01T07:00:00.000Z","MUSIC:<br/>New branding launched for <a href=""https://www.koko.co.uk"" target=""_blank"">KOKO</a>. We got let go from the project a while back but the <a href=""https://dixonbaxi.com"" target=""_blank"">agency</a> that took it on kept the essence of the logo we proposed. Our deck <a href=""https://drive.google.com/file/d/127RjhNLiLzW_rFTph6wo9tNUSI7L_la_/view?usp=sharing"" target=""_blank"">HERE</a>."